title,url,snippet,site,time_range,found_date
角色扮演单机游戏,https://dl.3dmgame.com/yxbox_2_1_time_free/,22 hours ago — 类型：角色扮演; 1; 语言：英文; 评分：8.4; 发布：2024-11-23; 平台：pc; 标签： 卡通 女主人翁 探险. 游戏下载(611.59MB). 《司美空》简体中文免安装版.,3dmgame.com,24h,2024-11-24 17:37:35
"一键下载安装游戏资源,辅助工具",https://dl.3dmgame.com/yxbox_all_9_time_cn/,22 hours ago — 类型：冒险游戏; 1; 语言：简中; 评分：7.6; 发布：2024-11-23; 平台：pc; 标签： 解谜 剧情 独立 悬疑. 游戏下载(546.87MB) · 《西游记释厄传》电脑版.,3dmgame.com,24h,2024-11-24 17:37:35
单机策略游戏,https://dl.3dmgame.com/yxbox_7_1_time_cn/,13 hours ago — 类型：策略游戏; 1; 语言：简中; 评分：5.9; 发布：2024-11-24; 平台：pc; 标签： 战争 历史 回合制 战棋 军事. 游戏下载(18.81GB). 《命运猎人》简体中文免安装版.,3dmgame.com,24h,2024-11-24 17:37:35
单机策略游戏,https://dl.3dmgame.com/yxbox_7_1_time/,13 hours ago — 《命运猎人》简体中文免安装版 · 评分：7.8 · 标签： 回合制 探险 卡牌 独立 ; 《大战略：Perfect》简体中文免安装版 · 评分：9.8 · 标签： 战争 写实 科幻 ; 《星尘战线》Demo试玩版.,3dmgame.com,24h,2024-11-24 17:37:35
"一键下载安装游戏资源,辅助工具",https://dl.3dmgame.com/yxbox_all_6_time_cn/,22 hours ago — 类型：角色扮演; 1; 语言：3DM汉化; 评分：9.4; 发布：2024-11-23; 平台：pc; 标签： 奇幻 女主人翁 日系 剧情. 游戏下载(916MB) 正版购买. 《突击柏林》简体中文免安装版.,3dmgame.com,24h,2024-11-24 17:37:35
角色扮演单机游戏,https://dl.3dmgame.com/yxbox_2_2_time/,22 hours ago — 类型：角色扮演; 1; 语言：简中; 评分：8.7; 发布：2024-11-23; 平台：pc; 标签： 魔幻 卡通 合作 暗黑 火炬之光系列下载. 游戏下载(2.61GB) 正版购买.,3dmgame.com,24h,2024-11-24 17:37:35
角色扮演单机游戏,https://dl.3dmgame.com/yxbox_2_1_time_cn/,21 hours ago — 《司美空》简体中文免安装版 · 评分：7.6 · 标签： 文字 剧情 独立 ; 《蓝龙》繁体中文GOD版XBOX360版 · 评分：7.2 · 标签： 魔幻 解谜 剧情 ; 《巴雅前奏曲》 简体中文免安装版.,3dmgame.com,24h,2024-11-24 17:37:35
单机策略游戏,https://dl.3dmgame.com/yxbox_7_2_time/,13 hours ago — 《术士2：放逐》简体中文免安装版 · 评分：9.9 · 标签： 回合制 战棋 ; 《中世纪战场》简体中文免安装版 · 评分：7.2 · 标签： 战争 历史 ; 《猎杀潜航2》简体中文免安装版 · 评分：7.2 ...,3dmgame.com,24h,2024-11-24 17:37:35
角色扮演单机游戏,https://dl.3dmgame.com/yxbox_2_3_time/,21 hours ago — 类型：角色扮演; 1; 语言：简中; 评分：7.6; 发布：2024-11-23; 平台：pc; 标签： 文字 剧情 独立 勇者斗恶龙系列游戏汇总. 游戏下载(75.96MB).,3dmgame.com,24h,2024-11-24 17:37:35
单机游戏_单机游戏下载_单机游戏大全中文版下载_3DM游戏网,https://www.3dmgame.com/,4 hours ago — 3DM游戏网为玩家提供最新的游戏新闻、攻略、单机游戏资源、汉化资源、游戏补丁、游戏论坛等，经过多年努力已成为游戏玩家首要选择的游戏资讯、游戏资源网站。,3dmgame.com,24h,2024-11-24 17:37:35
刺桐音乐下载,https://app.3dmgame.com/zt/206710_game/,19 hours ago — 刺桐音乐下载栏目提供了最全的刺桐音乐版本内容，喜欢这款软件的用户，可以下载最新的官方版本，还能够找到相同类型的APP，保证每一位来到这里的玩家都能够找到感兴趣软件 ...,3dmgame.com,24h,2024-11-24 17:37:35
漂移竞速下载,https://app.3dmgame.com/zt/207062_game,21 hours ago — 漂移竞速下载栏目提供了最全的漂移竞速版本内容，喜欢这款游戏的玩家，可以下载最新的官方版本，还能够找到相同类型的游戏，保证每一位来到这里的玩家都能够找到感兴趣的 ...,3dmgame.com,24h,2024-11-24 17:37:35
角色扮演单机游戏,https://dl.3dmgame.com/yxbox_2_333_-time/,13 hours ago — 类型：角色扮演 · 1 · 语言：简中 · 评分：8.0 · 发布：2024-11-23 · 平台：pc · 标签： 科幻 奇幻 剧情.,3dmgame.com,24h,2024-11-24 17:37:35
忍者武士3最新版下载,https://shouyou.3dmgame.com/zt/205991_game/,24 hours ago — 忍者武士3下载栏目提供了最全的忍者武士3版本内容，喜欢这款游戏的玩家，可以下载最新的官方版本，还能够找到相同类型的游戏，保证每一位来到这里的玩家都能够找到感兴趣的 ...,3dmgame.com,24h,2024-11-24 17:37:35
小X远程最新版下载,https://app.3dmgame.com/zt/206409_game/,22 hours ago — 小X远程下载栏目提供了最全的小X远程版本内容，喜欢这款软件的用户，可以下载最新的官方版本，还能够找到相同类型的APP，保证每一位来到这里的玩家都能够找到感兴趣软件 ...,3dmgame.com,24h,2024-11-24 17:37:35
漂移竞速最新版下载,https://shouyou.3dmgame.com/zt/207062_game/,21 hours ago — 漂移竞速下载栏目提供了最全的漂移竞速版本内容，喜欢这款游戏的玩家，可以下载最新的官方版本，还能够找到相同类型的游戏，保证每一位来到这里的玩家都能够找到感兴趣的 ...,3dmgame.com,24h,2024-11-24 17:37:35
我的模拟超市下载,https://app.3dmgame.com/zt/205819_game/,23 hours ago — 我的模拟超市下载栏目提供了最全的我的模拟超市版本内容，喜欢这款游戏的玩家，可以下载最新的官方版本，还能够找到相同类型的游戏，保证每一位来到这里的玩家都能够找到感 ...,3dmgame.com,24h,2024-11-24 17:37:35
手机换机克隆下载,https://app.3dmgame.com/zt/207208_game/,16 hours ago — 手机换机克隆下载栏目提供了最全的手机换机克隆版本内容，喜欢这款软件的用户，可以下载最新的官方版本，还能够找到相同类型的APP，保证每一位来到这里的玩家都能够找到感 ...,3dmgame.com,24h,2024-11-24 17:37:35
一米玩手游下载,https://shouyou.3dmgame.com/zt/207130_game/,22 hours ago — 一米玩手游下载栏目提供了最全的一米玩手游版本内容，喜欢这款软件的用户，可以下载最新的官方版本，还能够找到相同类型的APP，保证每一位来到这里的玩家都能够找到感兴趣 ...,3dmgame.com,24h,2024-11-24 17:37:35
爆裂扣球最新版下载,https://app.3dmgame.com/zt/206293_game/,23 hours ago — 爆裂扣球下载栏目提供了最全的爆裂扣球版本内容，喜欢这款游戏的玩家，可以下载最新的官方版本，还能够找到相同类型的游戏，保证每一位来到这里的玩家都能够找到感兴趣的 ...,3dmgame.com,24h,2024-11-24 17:37:35
3DM手游,https://app.3dmgame.com/,2 days ago — 3DM手机频道为用户免费提供手机游戏和手机应用软件的高速下载，提供各种app的分类排行，让用户知道最热门的app，为用户带来了各种app教程，手游攻略资讯等。,3dmgame.com,1w,2024-11-24 17:37:44
网游,https://ol.3dmgame.com/,1 day ago — 3DM网游频道为热爱游戏的玩家带来全网最新游戏资讯、热门好玩的游戏评测、最全的网络游戏攻略，整理2024最新网游测试表、3DM独家游戏礼包激活码。,3dmgame.com,1w,2024-11-24 17:37:44
3DM MOD站- 最新最全的免费游戏Mod资源下载站,https://mod.3dmgame.com/,"6 days ago — 3DMGAME MOD站是国内首家专业化分类管理MOD资源站,集成海量热门游戏MOD资源,提供高速便捷的Mod浏览下载体验,欢迎各位MOD爱好者前来发布/下载MOD。",3dmgame.com,1w,2024-11-24 17:37:44
蚁丛旅游攻略app下载,https://shouyou.3dmgame.com/zt/205334_game/,5 days ago — 蚁丛旅游攻略下载栏目提供了最全的蚁丛旅游攻略版本内容，喜欢这款软件的用户，可以下载最新的官方版本，还能够找到相同类型的APP，保证每一位来到这里的玩家都能够找到感 ...,3dmgame.com,1w,2024-11-24 17:37:44
mugen奥特曼格斗下载,https://shouyou.3dmgame.com/zt/205939_game/,4 days ago — mugen奥特曼格斗下载栏目提供了最全的mugen奥特曼格斗版本内容，喜欢这款游戏的玩家，可以下载最新的官方版本，还能够找到相同类型的游戏，保证每一位来到这里的玩家都能够 ...,3dmgame.com,1w,2024-11-24 17:37:44
风糖小组件下载,https://shouyou.3dmgame.com/zt/205240_game/,5 days ago — 风糖小组件下载栏目提供了最全的风糖小组件版本内容，喜欢这款软件的用户，可以下载最新的官方版本，还能够找到相同类型的APP，保证每一位来到这里的玩家都能够找到感兴趣 ...,3dmgame.com,1w,2024-11-24 17:37:44
勇闯死亡都市下载,https://shouyou.3dmgame.com/zt/205912_game/,4 days ago — 勇闯死亡都市下载栏目提供了最全的勇闯死亡都市版本内容，喜欢这款游戏的玩家，可以下载最新的官方版本，还能够找到相同类型的游戏，保证每一位来到这里的玩家都能够找到感 ...,3dmgame.com,1w,2024-11-24 17:37:44
黑悟空模拟最新版下载,https://shouyou.3dmgame.com/zt/205203_game/,5 days ago — 黑悟空模拟下载栏目提供了最全的黑悟空模拟版本内容，喜欢这款游戏的玩家，可以下载最新的官方版本，还能够找到相同类型的游戏，保证每一位来到这里的玩家都能够找到感兴趣 ...,3dmgame.com,1w,2024-11-24 17:37:44
帅锅逆袭记下载,https://shouyou.3dmgame.com/zt/205475_game/,5 days ago — 帅锅逆袭记下载栏目提供了最全的帅锅逆袭记版本内容，喜欢这款游戏的玩家，可以下载最新的官方版本，还能够找到相同类型的游戏，保证每一位来到这里的玩家都能够找到感兴趣 ...,3dmgame.com,1w,2024-11-24 17:37:44
"一键下载安装游戏资源,辅助工具",https://dl.3dmgame.com/yxbox_all_965_-time_cn/,4 days ago — 类型：模拟经营; 1; 语言：简中; 评分：6.9; 发布：2024-11-20; 平台：pc; 标签： 沙盒 写实 都市 建造 XGP游戏列表. 游戏下载(53.80GB) 正版购买.,3dmgame.com,1w,2024-11-24 17:37:44
极速飞车漂移下载,https://shouyou.3dmgame.com/zt/205531_game/,5 days ago — 极速飞车漂移下载栏目提供了最全的极速飞车漂移版本内容，喜欢这款游戏的玩家，可以下载最新的官方版本，还能够找到相同类型的游戏，保证每一位来到这里的玩家都能够找到感 ...,3dmgame.com,1w,2024-11-24 17:37:44
呱呱天气最新版下载,https://shouyou.3dmgame.com/zt/205490_game/,5 days ago — 呱呱天气下载栏目提供了最全的呱呱天气版本内容，喜欢这款软件的用户，可以下载最新的官方版本，还能够找到相同类型的APP，保证每一位来到这里的玩家都能够找到感兴趣软件 ...,3dmgame.com,1w,2024-11-24 17:37:44
无聊破坏者下载,https://shouyou.3dmgame.com/zt/205173_game/,5 days ago — 无聊破坏者下载栏目提供了最全的无聊破坏者版本内容，喜欢这款游戏的玩家，可以下载最新的官方版本，还能够找到相同类型的游戏，保证每一位来到这里的玩家都能够找到感兴趣 ...,3dmgame.com,1w,2024-11-24 17:37:44
简音播放器下载,https://shouyou.3dmgame.com/zt/205226_game/,5 days ago — 简音播放器下载栏目提供了最全的简音播放器版本内容，喜欢这款软件的用户，可以下载最新的官方版本，还能够找到相同类型的APP，保证每一位来到这里的玩家都能够找到感兴趣 ...,3dmgame.com,1w,2024-11-24 17:37:44
MOD【巴啦啦小魔仙】CSGO- AWP 凌美琪Replaces AWP,https://mod.3dmgame.com/mod/215260,"6 days ago — 在3DM Mod站下载求生之路2最新的MOD【巴啦啦小魔仙】CSGO- AWP 凌美琪Replaces AWP Mod,由一个来自康县公交制作。一个来自康县公交在我们的平台上分享了这个免费且高 ...",3dmgame.com,1w,2024-11-24 17:37:44
ConfigUI——配置界面- 星露谷物语,https://mod.3dmgame.com/mod/215228,"5 days ago — 在3DM Mod站下载星露谷物语最新的ConfigUI——配置界面Mod,由Enaium制作。Enaium在我们的平台上分享了这个免费且高质量的游戏模组,让玩家们可以享受到更加丰富的游戏体验 ...",3dmgame.com,1w,2024-11-24 17:37:44
热圈联赛最新版下载,https://shouyou.3dmgame.com/zt/205504_game/,5 days ago — 热圈联赛下载栏目提供了最全的热圈联赛版本内容，喜欢这款游戏的玩家，可以下载最新的官方版本，还能够找到相同类型的游戏，保证每一位来到这里的玩家都能够找到感兴趣的 ...,3dmgame.com,1w,2024-11-24 17:37:44
小猫补光灯最新版下载,https://shouyou.3dmgame.com/zt/206269_game/,3 days ago — 小猫补光灯下载栏目提供了最全的小猫补光灯版本内容，喜欢这款软件的用户，可以下载最新的官方版本，还能够找到相同类型的APP，保证每一位来到这里的玩家都能够找到感兴趣 ...,3dmgame.com,1w,2024-11-24 17:37:44
我要建大厦最新版下载,https://shouyou.3dmgame.com/zt/205443_game/,5 days ago — 我要建大厦下载栏目提供了最全的我要建大厦版本内容，喜欢这款游戏的玩家，可以下载最新的官方版本，还能够找到相同类型的游戏，保证每一位来到这里的玩家都能够找到感兴趣 ...,3dmgame.com,1w,2024-11-24 17:37:44
喵喵音乐最新版下载,https://shouyou.3dmgame.com/zt/205614_game/,5 days ago — 喵喵音乐下载栏目提供了最全的喵喵音乐版本内容，喜欢这款游戏的玩家，可以下载最新的官方版本，还能够找到相同类型的游戏，保证每一位来到这里的玩家都能够找到感兴趣的 ...,3dmgame.com,1w,2024-11-24 17:37:44
2024年11月PC单机游戏发售表-游民星空,https://ku.gamersky.com/release/,10 hours ago — 热门专题 · 潜行者2：切尔诺贝利之心. 发行日期：2024-11-21 · 绝世好武功. 发行日期：2024-11-06 · 魔法工艺. 发行日期：2024-11-02 · 龙腾世纪4：影障守护者. 发行日期：2024- ...,gamersky.com,24h,2024-11-24 17:38:08
曝《真三国无双：起源》有望制作第二部会有全新的原创主角,https://www.gamersky.com/news/202411/1849781.shtml,19 hours ago — 经典“割草”游戏《真三国无双》系列新作《真三国无双：起源》现已在主机和PC平台开放试玩版体验。Demo版本可体验“汜水关之战”关卡，最强武将「吕布」也会登场！,gamersky.com,24h,2024-11-24 17:38:08
最强核弹来了！RTX5090大曝光：功耗狂飙600W,https://wap.gamersky.com/news/Content-1849885.html,1 hour ago — 据MEGAsizeGPU最新爆料，RTX 5090的Blackwell GB202寸到了24x31毫米，即744平方毫米。相比现款RTX 4090的Ada AD102 GPU提升了22%之多，这也意味着其性能和成本的进一步提升。,gamersky.com,24h,2024-11-24 17:38:08
《羞辱》总监为《潜行者2》鸣不平：M站评分有误导性,https://www.gamersky.com/news/202411/1849792.shtml,8 hours ago — 他认为像《潜行者2》这样的游戏在发售时因技术问题和BUG而影响总评分是不公平的。这些技术问题可以在后续修复，但初期评分却不会改变，这让总体评分显得“具有误导性”。,gamersky.com,24h,2024-11-24 17:38:08
《炉石传说》宇宙龙牧补丁后卡组分享,https://wap.gamersky.com/gl/Content-1849752.html,23 hours ago — 《炉石传说》22日补丁后，很多职业的卡组套路都进行了削弱，而牧师调整较小。下面请看由“牧师是信仰”带来的《炉石传说》宇宙龙牧补丁后卡组分享，希望对大家有用。,gamersky.com,24h,2024-11-24 17:38:08
人生就是去大学城看看人可爱美芽行星的囧图,https://wap.gamersky.com/news/Content-1849764_31.html,22 hours ago — 人生就是去大学城看看人可爱美芽行星的囧图 · 这就是我存不住钱的原因 · 焊工而已，钳工已经在打靶了 · 果然一个人想联系你有一万种方法.,gamersky.com,24h,2024-11-24 17:38:08
人生就是去大学城看看人可爱美芽行星的囧图,https://wap.gamersky.com/news/Content-1849764_25.html,22 hours ago — 《黑神话》获金摇杆年度最佳大奖！冯骥亮相感言 · 金摇杆汇总!《黑神话》终极年度游戏最佳视觉设计 · 《剑星》体模申才恩日常美照：紧身包臀裙太勾人.,gamersky.com,24h,2024-11-24 17:38:08
腾讯FF14手游让外媒编辑很激动：端游太难半路入坑了,https://www.gamersky.com/news/202411/1849844.shtml,5 hours ago — 外媒TheGamer编辑James Troughton发文称赞SE和腾讯合作开发的《最终幻想14：水晶世界》，表示这是自己入坑《最终幻想14》的最好时机。,gamersky.com,24h,2024-11-24 17:38:08
PS商店惊现山寨版《怪猎荒野》:比卡普空发售还早1个月,https://www.gamersky.com/news/202411/1849888.shtml,1 hour ago — 近日，PS Store上出现了一款名叫《怪物猎人（Monster Hunters）》的游戏，预计将在2025年1月发布。 游民星空. 不仅名字相同，游戏公开的主视觉图与卡普空即将推出的《怪物 ...,gamersky.com,24h,2024-11-24 17:38:08
晨报|微软Edge游戏菜单辐射4新维加斯MOD停止开发,https://www.gamersky.com/news/202411/1849783.shtml,11 hours ago — 1.微软游戏内置浏览器菜单2.《辐射4》新维加斯MOD停止开发3.哥特式恐怖一战TPS《Trench Tales》开启Steam测试.,gamersky.com,24h,2024-11-24 17:38:08
人生就是去大学城看看人可爱美芽行星的囧图,https://wap.gamersky.com/news/Content-1849764_2.html,22 hours ago — 更牛逼的点在于她们走在水面上知道了吧，宠物比你贵普外一家亲。 我要的不是这种捆绑图片啊！,gamersky.com,24h,2024-11-24 17:38:08
《潜行者2切尔诺贝利之心》高斯步枪获取方法高斯步枪怎么获得,https://www.gamersky.com/handbook/202411/1849787.shtml,8 hours ago — 潜行者2切尔诺贝利之心》中高斯步枪应该怎么获得呢？许多小伙伴和我有着同样的问题，下面是由“贴吧用户_7KA4X91”为大家带来的《潜行者2切尔诺贝利之心》高斯步枪获取方法 ...,gamersky.com,24h,2024-11-24 17:38:08
《潜行者2切尔诺贝利之心》废料堆上锁保险箱开启方法 ...,https://www.gamersky.com/handbook/202411/1849834.shtml,6 hours ago — 潜行者2切尔诺贝利之心》中废料堆附近有一堆保险箱，其中有一个上锁的保险箱有许多小伙伴不知道应该怎么打开，下面是由“真_万年潜艇”为大家带来的《潜行者2切尔诺贝利之 ...,gamersky.com,24h,2024-11-24 17:38:08
《潜行者2切尔诺贝利之心》护胸甲外骨骼获取方法 ...,https://wap.gamersky.com/gl/Content-1849907.html,17 minutes ago — 潜行者2切尔诺贝利之心》中护胸甲外骨骼有许多小伙伴想知道应该如何获得，下面是由“互联网骑士_莫德”为大家带来的《潜行者2切尔诺贝利之心》护胸甲外骨骼获取方法， ...,gamersky.com,24h,2024-11-24 17:38:08
游你扯淡:小日子的亲子活动让小孩扮蟑螂体验蟑螂屋,https://www.gamersky.com/news/202411/1849767.shtml,21 hours ago — 网友发现的馆内有趣活动，也就是让孩子扮成蟑螂体验待在「蟑螂屋」里的感觉(咦？),gamersky.com,24h,2024-11-24 17:38:08
REDMI Watch 5超大屏惊艳亮相网友直呼小米手环9买早了,https://wap.gamersky.com/news/Content-1849741.html,23 hours ago — REDMI品牌总经理王腾今天分享了REDMI Watch 5的最新预热海报，宣布这款新品将与K80系列一同亮相。从曝光的海报来看，REDMI Watch 5以其饱满的屏幕、超窄边框设计以及白色 ...,gamersky.com,24h,2024-11-24 17:38:08
前体操冠军当网红就爱看热舞的动态图,https://www.gamersky.com/news/202411/1849846.shtml,4 hours ago — 衣架什么时候掉下来？谁还没玩宝可梦好颈椎.,gamersky.com,24h,2024-11-24 17:38:08
时隔20年设计师解释《半条命2》经典BUG贴图的由来,https://wap.gamersky.com/news/Content-1849782.html,17 hours ago — 谈到V社起源引擎（Source）中经典的“紫黑相间棋盘”纹理的报错贴图，相信玩家们一定不会陌生。在《半条命2》、《CS》等知名游戏中，每次地图中出现渲染错误时这个图案就会 ...,gamersky.com,24h,2024-11-24 17:38:08
微软紧急停更部分用户的Win11系统：和育碧游戏有冲突！,https://wap.gamersky.com/news/Content-1849786.html,8 hours ago — 据Bleeping Computer 报道，微软已停止为安装了某些育碧游戏的电脑提供Windows 11 24H2 版本更新。,gamersky.com,24h,2024-11-24 17:38:08
玩家分享《潜行者2》搞笑BUG 蹲复活点满地敌人尸体,https://wap.gamersky.com/news/Content-1849837.html,5 hours ago — 因为游戏复活机制的问题，玩家可以蹲在某个地方坐等NPC凭空刷出来，你只需要拿枪对着爆头就行。,gamersky.com,24h,2024-11-24 17:38:08
游民星空H5网页游戏平台,http://web.gamersky.com/,2 days ago — 游民星空游戏平台是专业的游戏运营平台，为玩家提供精品的网页游戏与H5手机游戏，以及游戏礼包、开服表、资讯、攻略、排行榜等相关讯息。好玩的页游、H5游戏尽在游民 ...,gamersky.com,1w,2024-11-24 17:38:15
"Witchcraft | Definition, History, Trials, Witch Hunts, & Facts",http://link.gamersky.com/2eEVna,3 days ago — Witchcraft is a term usually applied to harm brought upon others through the use of supernatural or occult powers. The person engaging in witchcraft is ...,gamersky.com,1w,2024-11-24 17:38:15
像素梦想家》上线Steam，解压涂色，免费开玩！,https://www.gamersky.com/news/202411/1849563.shtml,2 days ago — 《涂色大师：像素梦想家》是一款免费涂色游戏，在数字世界来一场轻松惬意的涂色之旅吧！你只需要点击数字，就能轻松完成令人惊叹的像素艺术作品！无论是可爱的动物、迷人的 ...,gamersky.com,1w,2024-11-24 17:38:15
《原神》今日登陆Xbox！跨平台互通还有限定奖励,https://www.gamersky.com/news/202411/1847647.shtml,4 days ago — 《原神》今日正式登陆Xbox平台！在首次进入游戏时，会提示是否绑定米哈游通行证，还是以当前的微软账号注册新号直接开玩。完成绑定后，便可与PC、PS、手机平台共享进度。,gamersky.com,1w,2024-11-24 17:38:15
Steam特别好评模拟经营游戏《菜市场模拟器》推出40%史低 ...,https://www.gamersky.com/news/202411/1846849.shtml,6 days ago — 《菜市场模拟器》是一款节奏轻松的模拟经营游戏，在这里你可以告别996，按自己喜欢的节奏生活，做一个快乐的菜贩子！从采购新鲜食材到布置温馨的摊位，再到管理你的小店， ...,gamersky.com,1w,2024-11-24 17:38:15
国际空间站陷入“危险状态” NASA开始准备紧急撤离,https://www.gamersky.com/news/202411/1846830.shtml,6 days ago — 美国航天局此前强调国际空间站的宇航员“没有直接危险”，但最新披露的报告显示，越来越多的迹象显示国际空间站正因老化问题陷入危险状态之中，漏气问题更是成为最紧迫问题。,gamersky.com,1w,2024-11-24 17:38:15
《龙腾世纪4：影障守护者》已在亚马逊降价促销玩家,https://www.gamersky.com/news/202411/1848333.shtml,3 days ago — 据IGN报道，亚马逊提前开启了黑色星期五促销活动，生软的《龙腾世纪4：影障守护者》现已降价出售，从原价69.99美元降至62.99美元，降价幅度为10%。 亚马逊商店链接>>>.,gamersky.com,1w,2024-11-24 17:38:15
华为Mate70系列今日12：08开预订！11月26日正式发布,https://www.gamersky.com/tech/202411/1846530.shtml,6 days ago — 11月18日消息，华为Mate70 系列今日12:08开启预订。 游民星空. 预售渠道包括华为商城、授权电商平台、华为体验店以及授权零售商。 同样是今日，余承东在个人微博发文， ...,gamersky.com,1w,2024-11-24 17:38:15
《潜行者2》PC M站74分：正是粉丝所期望的,https://www.gamersky.com/news/202411/1848128.shtml,4 days ago — 《潜行者2》无疑是一种奇迹。在乌克兰工作室GSC Game World的开发下，历时七年，经历了疫情和战争等种种挑战，《潜行者2》是一部充满热爱的作品，也是一个理想的续集。,gamersky.com,1w,2024-11-24 17:38:15
《原神》恰斯卡专武抽取建议恰斯卡专武值得抽吗,https://www.gamersky.com/handbook/202411/1846700.shtml,6 days ago — 恰斯卡的专武，也是风系的专武，触发扩散后提升攻击力！假如不去看扩散加的攻击，其实很多角色都可以戴，只要是重击或大招为主要输出的角色，或者两个同样重要都行，强度在线！泛用 ...,gamersky.com,1w,2024-11-24 17:38:15
曝《真三国无双：起源》有望制作第二部会有全新的原创主角,https://www.gamersky.com/news/202411/1849781.shtml,19 hours ago — 经典“割草”游戏《真三国无双》系列新作《真三国无双：起源》现已在主机和PC平台开放试玩版体验。Demo版本可体验“汜水关之战”关卡，最强武将「吕布」也会登场！,gamersky.com,1w,2024-11-24 17:38:15
诚信主播公开高价照你选素股还是胶衣的囧图,https://www.gamersky.com/news/202411/1848798_12.shtml,3 days ago — 这个凉拖就很好老师，我想学这门语言！AI生成- 龙龙沙发​​​ 好有力的大腿露脐装可以变了吗？太黑暗了，影子都成蝙蝠侠.,gamersky.com,1w,2024-11-24 17:38:15
《如龙》创始人新作或不会太大曾扬言规模超如龙,https://www.gamersky.com/news/202411/1846504.shtml,6 days ago — 《如龙》系列的创始人名越稔洋在离开了RGG工作室后，加入了由网易创立的全新工作室。而在最近，这位制作人在接受采访时谈到了自己新工作室的首款作品。,gamersky.com,1w,2024-11-24 17:38:15
无限超凡活跃放送CSOL新超凡角色上线,https://www.gamersky.com/news/202411/1847874.shtml,4 days ago — 《反恐精英Online》11月20日新版本即将开启。全新超凡角色【级长】崔智云、【向导】伊琳娜来袭。,gamersky.com,1w,2024-11-24 17:38:15
20年来首位金发佳丽赢得环球小姐选美比赛回归正常,https://www.gamersky.com/news/202411/1846594.shtml,6 days ago — 当地时间11月17日，第73届“环球小姐”选美比赛，在墨西哥首都墨西哥城的竞技场内落下了帷幕。最终来自丹麦的维多利亚·克亚尔·泰尔维格加冕为“2024年环球小姐”。,gamersky.com,1w,2024-11-24 17:38:15
真人影游《重返现场》Steam上线：调查美女凶杀案！,https://www.gamersky.com/news/202411/1849370.shtml,2 days ago — 法医探案题材真人互动影游《重返现场：真人版》Steam页面上线，发售日定档2024年12月20日。,gamersky.com,1w,2024-11-24 17:38:15
《龙腾世纪：审判》早期档案曝光21个被毙的角色设计,https://www.gamersky.com/news/202411/1847174.shtml,5 days ago — 随着《龙腾世纪：影障守护者》的发售，《龙腾世纪》系列的一些早期档案也开始浮出水面。,gamersky.com,1w,2024-11-24 17:38:15
伊万：国足今晚比赛需要靠一点运气,https://www.gamersky.com/news/202411/1847541.shtml,5 days ago — 今晚20点，国足将在18强赛第六轮主场对阵日本队。赛前，国足主帅伊万科维奇接受采访。,gamersky.com,1w,2024-11-24 17:38:15
胸部按压为什么要用手？车灯不看看尾灯的囧图,https://www.gamersky.com/news/202411/1849567_11.shtml,2 days ago — 喜欢闻刺激气体好像是一种什么病好大尾灯装这么多天线，可以侦测到外星人？客人请不要在这里睡确定是狗狗贴纸？ 喜欢挖掘机的老公做饭的方.,gamersky.com,1w,2024-11-24 17:38:15
SE黑五PS特卖：FF7重生397港币FF16完全版399港币,https://www.gamersky.com/news/202411/1849566.shtml,2 days ago — 为了庆祝黑色星期五特卖节，SquareEnix在PlayStation商店展开了游戏特卖活动。此次促销活动将持续到12月2日，期间玩家可以享受到多款热门游戏的特惠价格。,gamersky.com,1w,2024-11-24 17:38:15
发现好游戏- 官方论坛,https://www.taptap.com/forum/g1,11 hours ago — 发现好游戏官方论坛汇聚了各类游戏综合讨论，分享最新玩法攻略、热门游戏推荐，与游戏爱好者一起畅谈游戏乐趣！加入发现好游戏官方论坛，一起探讨游戏世界的无限可能吧！,taptap.com,24h,2024-11-24 17:40:40
何二维一的个人主页,https://www.taptap.com/user/6079568,5 hours ago — 异象回声：灵媒全玩法攻略讲解！看看她凭啥能问鼎第一狙宝座？ #攻略#异象回声. TapTap. 3. 何二维一. 竞技者—玄武. 1 天前. 异象回声.,taptap.com,24h,2024-11-24 17:40:40
爆炸鸡的个人主页,https://www.taptap.com/user/13920605,"21 hours ago — 爆炸鸡的个人主页,爆炸鸡发布的动态.",taptap.com,24h,2024-11-24 17:40:40
しにがみˇ™的个人主页,https://www.taptap.com/user/2216891,"19 hours ago — しにがみˇ™的个人主页,しにがみˇ™发布的动态.",taptap.com,24h,2024-11-24 17:40:40
我永远爱四宫辉夜的个人主页,https://www.taptap.com/user/7886306,20 hours ago — 加入TapTap 2679 天IP: 上海ID: 7886306. 112. 玩过游戏. 1. 购买游戏. 1548小时. 游戏时长. 27. 游戏成就. TapTap. Yoko. S-38. 等级. 31. 怪盗数量. 143. 人格面具.,taptap.com,24h,2024-11-24 17:40:40
皆大歡喜的个人主页,https://www.taptap.com/user/98314889,13 hours ago — 关注. Hello Gamer! 加入TapTap 1598 天IP: 上海ID: 98314889. 29. 玩过游戏. 0. 购买游戏. 23小时. 游戏时长. 0. 游戏成就 ...,taptap.com,24h,2024-11-24 17:40:40
哇哈哈的个人主页,https://www.taptap.com/user/22313598,23 hours ago — 关注. Hello Gamer! 加入TapTap 2433 天ID: 22313598. 190. 玩过游戏. 0. 购买游戏. 927小时. 游戏时长. 0. 游戏成就 ...,taptap.com,24h,2024-11-24 17:40:40
Dg的个人主页,https://www.taptap.com/user/13736745,11 hours ago — 关注. Hello Gamer! 加入TapTap 2594 天IP: 广东ID: 13736745. 173. 玩过游戏. 0. 购买游戏. 0. 游戏时长. 0. 游戏成就 ...,taptap.com,24h,2024-11-24 17:40:40
已沉的个人主页,https://www.taptap.com/user/349478218,13 hours ago — 已沉. 关注. Hello Gamer! 加入TapTap 1346 天IP: 内蒙古ID: 349478218. 99. 玩过游戏. 0. 购买游戏. 129小时. 游戏时长. 0. 游戏成就 ...,taptap.com,24h,2024-11-24 17:40:40
凉寻的个人主页,https://www.taptap.com/user/26456648,"15 hours ago — 凉寻的个人主页,凉寻发布的动态.",taptap.com,24h,2024-11-24 17:40:40
大汉王朝的个人主页,https://www.taptap.com/user/17917908,19 hours ago — 2019大赏. 关注. Hello Gamer! 加入TapTap 2519 天ID: 17917908. 203. 玩过游戏. 2. 购买游戏. 1892小时. 游戏时长. 0. 游戏成就 ...,taptap.com,24h,2024-11-24 17:40:40
一念逍遥- 官方论坛,https://www.taptap.com/app/159465/topic,7 hours ago — 加入TapTap 一念逍遥社区论坛，这里有完整细致的一念逍遥游戏攻略，精彩繁多的一念逍遥玩家视频，让您在最火爆的游戏社区找到志同道合的游戏伙伴。,taptap.com,24h,2024-11-24 17:40:40
贪婪洞窟2 - 官方论坛,https://www.taptap.com/app/74838/topic,8 hours ago — 加入TapTap 贪婪洞窟2社区论坛，这里有完整细致的贪婪洞窟2游戏攻略，精彩繁多的贪婪洞窟2玩家视频，让您在最火爆的游戏社区找到志同道合的游戏伙伴。,taptap.com,24h,2024-11-24 17:40:40
小森灵- 官方论坛,https://www.taptap.com/app/204750/topic,10 hours ago — 加入TapTap 小森灵社区论坛，这里有完整细致的小森灵游戏攻略，精彩繁多的小森灵玩家视频，让您在最火爆的游戏社区找到志同道合的游戏伙伴。,taptap.com,24h,2024-11-24 17:40:40
驾考模拟3D - 官方论坛,https://www.taptap.com/app/158596/topic,11 hours ago — 加入TapTap 驾考模拟3D社区论坛，这里有完整细致的驾考模拟3D游戏攻略，精彩繁多的驾考模拟3D玩家视频，让您在最火爆的游戏社区找到志同道合的游戏伙伴。,taptap.com,24h,2024-11-24 17:40:40
元气骑士- 官方论坛,https://www.taptap.com/app/34751/topic,8 hours ago — 加入TapTap 元气骑士社区论坛，这里有完整细致的元气骑士游戏攻略，精彩繁多的元气骑士玩家视频，让您在最火爆的游戏社区找到志同道合的游戏伙伴。,taptap.com,24h,2024-11-24 17:40:40
无尽之炼- 官方论坛,https://www.taptap.com/app/160459/topic,11 hours ago — 加入TapTap 无尽之炼社区论坛，这里有完整细致的无尽之炼游戏攻略，精彩繁多的无尽之炼玩家视频，让您在最火爆的游戏社区找到志同道合的游戏伙伴。,taptap.com,24h,2024-11-24 17:40:40
江南百景图- 官方论坛,https://www.taptap.com/app/179371/topic,5 hours ago — 加入TapTap 江南百景图社区论坛，这里有完整细致的江南百景图游戏攻略，精彩繁多的江南百景图玩家视频，让您在最火爆的游戏社区找到志同道合的游戏伙伴。,taptap.com,24h,2024-11-24 17:40:40
悠星大陆- 官方论坛,https://www.taptap.com/app/231006/topic,13 hours ago — 加入TapTap 悠星大陆社区论坛，这里有完整细致的悠星大陆游戏攻略，精彩繁多的悠星大陆玩家视频，让您在最火爆的游戏社区找到志同道合的游戏伙伴。,taptap.com,24h,2024-11-24 17:40:40
异象回声- 官方论坛,https://www.taptap.com/app/234968/topic,8 hours ago — 加入TapTap 异象回声社区论坛，这里有完整细致的异象回声游戏攻略，精彩繁多的异象回声玩家视频，让您在最火爆的游戏社区找到志同道合的游戏伙伴。,taptap.com,24h,2024-11-24 17:40:40
TapTap - Games worth discovering,https://creators.taptap.com/,"2 days ago — Discover and download 120k+ latest games on TapTap, for PC/iOS/Android. Read 4M+ of reviews & connect with 60M+ gamers. Free downloads, no viruses.",taptap.com,1w,2024-11-24 17:40:48
穆尔梅尔的个人主页,https://www.taptap.com/user/9170578,4 days ago — 猜欧根是下一个金改彩. 加入TapTap 2647 天IP: 天津ID: 9170578. 62. 玩过游戏. 6. 购买游戏. 3684小时. 游戏时长. 4. 游戏成就 ...,taptap.com,1w,2024-11-24 17:40:48
陌的个人主页,https://www.taptap.com/user/63826296,"5 days ago — 陌的个人主页,陌发布的动态.",taptap.com,1w,2024-11-24 17:40:48
莫白笑的个人主页,https://www.taptap.com/user/25191092,7 days ago — 加入TapTap 2325 天IP: 福建ID: 25191092. 74. 玩过游戏. 0. 购买游戏. 15分钟. 游戏时长. 0. 游戏成就. TapTap. 古希腊猛攻老鼠. 617. 总战局. 三角洲巅峰.,taptap.com,1w,2024-11-24 17:40:48
格拉特尼的个人主页,https://www.taptap.com/user/20078373,"6 days ago — 格拉特尼的个人主页,格拉特尼发布的动态.",taptap.com,1w,2024-11-24 17:40:48
和灰烬战线差不多的游戏,https://www.taptap.com/relate/50598,4 days ago — 类似灰烬战线的手游有哪些？TapTap 根据用户喜欢的游戏相关度，为爱好灰烬战线的玩家推荐相关游戏，喜欢灰烬战线的玩家千万不要错过。,taptap.com,1w,2024-11-24 17:40:48
俞的个人主页,https://www.taptap.com/user/421532301,6 days ago — 关注. Hello Gamer! 加入TapTap 1113 天IP: 贵州ID: 421532301. 40. 玩过游戏. 0. 购买游戏. 2小时. 游戏时长. 0. 游戏成就 ...,taptap.com,1w,2024-11-24 17:40:48
天龙八部- 安卓官方下载,https://www.taptap.com/app/43482,5 days ago — 《天龙八部手游》由金庸正版授权，《天龙八部》端游原班人马倾心打造，完美传承端游核心特色与经典玩法。游戏以Unity引擎打造真实3D视觉盛宴，再现聚贤庄、珍珑棋局、琅嬛福地 ...,taptap.com,1w,2024-11-24 17:40:48
小熊饼干的个人主页,https://www.taptap.com/user/3888163,"1 day ago — 小熊饼干的个人主页,小熊饼干发布的动态.",taptap.com,1w,2024-11-24 17:40:48
我的小可爱的个人主页,https://www.taptap.com/user/9212947,"1 day ago — 我的小可爱的个人主页,我的小可爱发布的动态.",taptap.com,1w,2024-11-24 17:40:48
手机用户19952274的个人主页,https://www.taptap.com/user/19952274,4 days ago — Hello Gamer! 加入TapTap 2479 天ID: 19952274. 1. 玩过游戏. 0. 购买游戏.,taptap.com,1w,2024-11-24 17:40:48
极星游戏- 官方论坛,https://www.taptap.com/forum/g232314,2 days ago — 极星游戏官方论坛汇聚了各类游戏综合讨论，分享最新玩法攻略、热门游戏推荐，与游戏爱好者一起畅谈游戏乐趣！加入极星游戏官方论坛，一起探讨游戏世界的无限可能吧！,taptap.com,1w,2024-11-24 17:40:48
超级工厂测试- 安卓官方试玩,https://www.taptap.com/app/235671,5 days ago — 超级工厂是一款模拟经营手游，TapTap 提供超级工厂最新2.0.7版官方正版下载，超级工厂是一款自由度非常高的自动化工业生产流水线游戏。地球表...,taptap.com,1w,2024-11-24 17:40:48
蜀山：初章- 安卓官方参与测试,https://www.taptap.com/app/158659,6 days ago — 蜀山：初章是一款开放世界手游，TapTap 提供蜀山：初章最新1.0.700010版官方正版下载，《蜀山：初章》正式版：1.解放环境、时间、人力等限制：自由跨...,taptap.com,1w,2024-11-24 17:40:48
逆水寒- 安卓官方下载,https://www.taptap.com/app/191385,4 days ago — 逆水寒是一款开放世界手游，TapTap 提供逆水寒最新2.2.20893105版官方正版下载，《逆水寒》手游拥有诸多游戏特色：【大有可玩的宏大武侠开放世界...,taptap.com,1w,2024-11-24 17:40:48
谶的个人主页,https://www.taptap.com/user/2001204,4 days ago — Hello Gamer! 加入TapTap 2886 天ID: 2001204. 519. 玩过游戏. 0. 购买游戏.,taptap.com,1w,2024-11-24 17:40:48
bilibili新游发布会- 专题,https://www.taptap.com/category/e2445,4 days ago — TapTap 为您推荐关于bilibili新游发布会主题的游戏合辑。TapTap 是一个推荐好玩的手游的分享社区，提供的每一款游戏都经过专业的测评团队千挑万选，确保为玩家带来的是 ...,taptap.com,1w,2024-11-24 17:40:48
使命召唤®：战争地带™手游- 安卓官方预约,https://www.taptap.com/app/232298,3 days ago — 使命召唤®：战争地带™手游是一款FPS手游，TapTap 提供使命召唤®：战争地带™手游最新版官方正版下载，用《使命召唤®：战争地带™手游》跃入畅快淋漓的第一视角射击体...,taptap.com,1w,2024-11-24 17:40:48
简的个人主页,https://www.taptap.com/user/40770735,6 days ago — Hello Gamer! 加入TapTap 2078 天IP: 北京ID: 40770735. 119. 玩过游戏. 1.,taptap.com,1w,2024-11-24 17:40:48
我在神界刷装备- 安卓官方下载,https://www.taptap.com/app/192465,6 days ago — 我在神界刷装备是一款暗黑手游，TapTap 提供我在神界刷装备最新75.0版官方正版下载，上手容易，老少皆宜，趣味无穷；操作简单，技能选择，搭配过关；...,taptap.com,1w,2024-11-24 17:40:48
Jam with shiny Gigantamax Toxtricity in the Pokémon Go Wild ...,https://gamefaqs.gamespot.com/news?id=162674,"23 hours ago — The Go Safari Ball is particularly effective at catching mighty Pokémon, a fresh category of creature that is more likely to have high stats and be XL or XXL.",gamespot.com,24h,2024-11-24 17:41:07
Peeling Back The Layers Of GOTY Contender Animal Well ...,https://gamefaqs.gamespot.com/news?id=162682,"19 hours ago — ""No matter what you put in a game, it will get found"". Who the heck spends seven years making a video game about animals — literally, just animals?",gamespot.com,24h,2024-11-24 17:41:07
Deals,https://www.gamespot.com/deals/,"10 minutes ago — GameSpot brings you the best deals on gaming and tech gadgets every day. For exclusive offers on games, consoles, smartphones, tablets, cameras and more, ...",gamespot.com,24h,2024-11-24 17:41:07
Online/Browser - GameFAQs - GameSpot,https://gamefaqs.gamespot.com/webonly,"26 minutes ago — For the Online/Browser, GameFAQs has game information and a community message board for game discussion.",gamespot.com,24h,2024-11-24 17:41:07
Square Enix cautious about flooding the market with HD-2D ...,https://gamefaqs.gamespot.com/news?id=162711,"4 hours ago — Square Enix has provided a fairly steady stream of HD-2D games since 2018, but the company is also a bit wary about flooding the market with those types of ...",gamespot.com,24h,2024-11-24 17:41:07
Commodore 64 - GameFAQs,https://gamefaqs.gamespot.com/c64,"1 minute ago — For the Commodore 64, GameFAQs has game information and a community message board for game discussion.",gamespot.com,24h,2024-11-24 17:41:07
"Video Game News, Game News, Entertainment News",https://www.gamespot.com/news/,"5 hours ago — Read the most authoritative, up-to-date news and headlines from the video games and entertainment industry at GameSpot.",gamespot.com,24h,2024-11-24 17:41:07
"unVEIL the world, a tactical RPG, opens a closed beta test on ...",https://gamefaqs.gamespot.com/news?id=162676,"22 hours ago — NetEase Games and Shueisha Games have opened a Closed Beta Test (CBT) for their tactical RPG, unVEIL the world, on both Android and iOS.",gamespot.com,24h,2024-11-24 17:41:07
World Of Warcraft At 20 Is The Same And Increasingly ...,https://gamefaqs.gamespot.com/news?id=162686,"19 hours ago — World of Warcraft is celebrating its 20-year anniversary today, November 23, 2024. Below, we talk with key developers about the journey to make the game ...",gamespot.com,24h,2024-11-24 17:41:07
"Video Game News, Reviews, Events and More",https://www.gamespot.com/games/,"6 hours ago — GameSpot delivers the best and most comprehensive video game coverage, including news, reviews, trailers, walkthroughs, and guides for PS4, Xbox One, ...",gamespot.com,24h,2024-11-24 17:41:07
Amiga CD32 - GameFAQs - GameSpot,https://gamefaqs.gamespot.com/cd32,"10 minutes ago — For the Amiga CD32, GameFAQs has game information and a community message board for game discussion.",gamespot.com,24h,2024-11-24 17:41:07
BBS Door - GameFAQs,https://gamefaqs.gamespot.com/bbs,"18 minutes ago — For the BBS Door, GameFAQs has game information and a community message board for game discussion.",gamespot.com,24h,2024-11-24 17:41:07
Wrath (Character) - Comic Vine,https://comicvine.gamespot.com/wrath/4005-192260/,"12 hours ago — One of Daredevil's personal demon, representing his sin of Wrath.",gamespot.com,24h,2024-11-24 17:41:07
EACA Colour Genie 2000 - GameFAQs - GameSpot,https://gamefaqs.gamespot.com/cg2000,"10 minutes ago — For the EACA Colour Genie 2000, GameFAQs has game information and a community message board for game discussion.",gamespot.com,24h,2024-11-24 17:41:07
Talking Point: What Are You Playing This Weekend ...,https://gamefaqs.gamespot.com/news?id=162677,20 hours ago — New GameFAQs Content · Dragon Quest III HD-2D Remake · NS PC PS5 XBSX · Genshin Impact · PS4 PS5 PC AND XBSX IOS NS · Sonic x Shadow Generations · PS5 XONE PS4 NS ...,gamespot.com,24h,2024-11-24 17:41:07
Jumble 11/24/24 Answers – November 24 2024 - GameFAQs,https://gamefaqs.gamespot.com/news?id=162719,1 hour ago — Use our Jumble Solver Tool to get the answer!Daily Jumble Answer for November 24th 2024Here are the answers to the 11/24/24 Jumble puzzle:NULFTA -> FLAUNTTNDAEW ...,gamespot.com,24h,2024-11-24 17:41:07
Zelda: Echoes of Wisdom dev explains how the ... - GameFAQs,https://gamefaqs.gamespot.com/news?id=162708,5 hours ago — How did Grezzo and Nintendo go about choosing the echoes in The Legend of Zelda: Echoes of Wisdom? Co-director Satoshi Terada shared some insight in a ...,gamespot.com,24h,2024-11-24 17:41:07
Wordle Hint November 24 2024 (11/24/24) – Puzzle 1254!,https://gamefaqs.gamespot.com/news?id=162704,"8 hours ago — Wordle is still one of the most played games around the globe, which means many players are on the lookout for a bit of a boost when it comes to figuring ...",gamespot.com,24h,2024-11-24 17:41:07
"Fortnite Kicks give my John Wick skin Nike Air Jordans, and ...",https://gamefaqs.gamespot.com/news?id=162684,"19 hours ago — A new era is upon us in Epic Games' multi-experience giant, and that era is Fortnite Kicks. Nope, Fortnite doesn't have melee combat with jujitsu kicks, ...",gamespot.com,24h,2024-11-24 17:41:07
Sega Saturn - GameFAQs,https://gamefaqs.gamespot.com/saturn,"1 minute ago — For the Saturn, GameFAQs has game information and a community message board for game discussion.",gamespot.com,24h,2024-11-24 17:41:07
GameSpot: Video Games Reviews & News,https://www.gamespot.com/,"2 days ago — GameSpot delivers the best and most comprehensive video game and entertainment coverage, including news, reviews, trailers, walkthroughs, and guides for PS4 ...",gamespot.com,1w,2024-11-24 17:41:16
Characters,https://comicvine.gamespot.com/characters/,"2 days ago — Prince Khumir. A princeling and son of Lord Khumir, he was tasked with recapturing his lost fortress at Vasala, east of the foothills of Mount Varna.",gamespot.com,1w,2024-11-24 17:41:16
Gaming Tech,https://www.gamespot.com/gametech/,"2 days ago — Gaming Tech, Gadgets, Hardware and more.",gamespot.com,1w,2024-11-24 17:41:16
Star Wars Outlaws' latest patch is out and aims to make stealth ...,https://gamefaqs.gamespot.com/news?id=162490,"3 days ago — Star Wars Outlaws' stealth has been much debated, though not hotly. Some people think it's rubbish, some others think it's basically fine.",gamespot.com,1w,2024-11-24 17:41:16
Jam with shiny Gigantamax Toxtricity in the Pokémon Go Wild ...,https://gamefaqs.gamespot.com/news?id=162674,"23 hours ago — The Go Safari Ball is particularly effective at catching mighty Pokémon, a fresh category of creature that is more likely to have high stats and be XL or XXL.",gamespot.com,1w,2024-11-24 17:41:16
Peeling Back The Layers Of GOTY Contender Animal Well ...,https://gamefaqs.gamespot.com/news?id=162682,"19 hours ago — ""No matter what you put in a game, it will get found"". Who the heck spends seven years making a video game about animals — literally, just animals?",gamespot.com,1w,2024-11-24 17:41:16
Square Enix Nintendo Switch eShop sale: lowest prices for ...,https://gamefaqs.gamespot.com/news?id=162659,"1 day ago — Square Enix is hosting a pretty big November 2024 Nintendo Switch eShop sale with a number of games at their lowest prices ever, including Chrono Cross: The ...",gamespot.com,1w,2024-11-24 17:41:16
NYT Mini Crossword November 19 2024 Answers (11/19/24),https://gamefaqs.gamespot.com/news?id=162076,"5 days ago — Our NYT Mini Crossword November 19, 2024 answers guide should help you finish today's crossword if you've found yourself stuck on a crossword clue.",gamespot.com,1w,2024-11-24 17:41:16
Feature: It's 20 Years Since The Launch Of Nintendo's Most ...,https://gamefaqs.gamespot.com/news?id=162377,3 days ago — The rise to heaven. One of the joys of Nintendo's Switch is how it marries the company's home console heritage with its equally prestigious handheld line.,gamespot.com,1w,2024-11-24 17:41:16
"Video Game News, Game News, Entertainment News",https://www.gamespot.com/news/,"5 hours ago — Read the most authoritative, up-to-date news and headlines from the video games and entertainment industry at GameSpot.",gamespot.com,1w,2024-11-24 17:41:16
"unVEIL the world, a tactical RPG, opens a closed beta test on ...",https://gamefaqs.gamespot.com/news?id=162676,"22 hours ago — NetEase Games and Shueisha Games have opened a Closed Beta Test (CBT) for their tactical RPG, unVEIL the world, on both Android and iOS.",gamespot.com,1w,2024-11-24 17:41:16
Star Wars Outlaws: Wild Card – Developer Tips to Win Big at ...,https://gamefaqs.gamespot.com/news?id=162470,3 days ago — The Kessel Sabacc table aboard the casino cruiser Morenia is slightly larger with a slightly different set of rules compared to other tables across the galaxy.,gamespot.com,1w,2024-11-24 17:41:16
S.T.A.L.K.E.R. 2: Heart of Chornobyl sales top one million,https://gamefaqs.gamespot.com/news?id=162573,2 days ago — Want to be featured on our Gaming News? Apply here! New GameFAQs Content. Guides | Reviews | Cheats. Dragon Quest III ...,gamespot.com,1w,2024-11-24 17:41:16
"First MLB The Show 25 Details Revealed, Sets And Seasons ...",https://gamefaqs.gamespot.com/news?id=162623,"2 days ago — Following the recent conclusion of the 2024 Major League Baseball season, Sony's San Diego Studio has given fans their first look at what's in store for MLB ...",gamespot.com,1w,2024-11-24 17:41:16
Dragon Ball Z: Kakarot DLC 'DAIMA: Adventure ... - GameFAQs,https://gamefaqs.gamespot.com/news?id=162585,2 days ago — Dragon Ball Z: Kakarot DLC 'DAIMA: Adventure Through the Demon Realm – Part 1' launches in 2025 · Filter · New GameFAQs Content · Popular New Releases · Upcoming ...,gamespot.com,1w,2024-11-24 17:41:16
"Video Game News, Reviews, Events and More",https://www.gamespot.com/games/,"6 hours ago — GameSpot delivers the best and most comprehensive video game coverage, including news, reviews, trailers, walkthroughs, and guides for PS4, Xbox One, ...",gamespot.com,1w,2024-11-24 17:41:16
Amiga CD32 - GameFAQs - GameSpot,https://gamefaqs.gamespot.com/cd32,"10 minutes ago — For the Amiga CD32, GameFAQs has game information and a community message board for game discussion.",gamespot.com,1w,2024-11-24 17:41:16
Lando's Back In Star Wars Outlaw: Wild Card Launch Trailer,https://gamefaqs.gamespot.com/news?id=162592,"2 days ago — Star Wars Outlaws is starting a new chapter this week with the launch of the game's first story DLC, Wild Card. To mark the occasion, Ubisoft has dropped a ...",gamespot.com,1w,2024-11-24 17:41:16
Save $50 On The Last Of Us PS5 Games With These Black ...,https://gamefaqs.gamespot.com/news?id=162538,2 days ago — The PS5 version of The Last of Us Part 1 is discounted to $30 (was $70) and Part 2 is on sale for $40 (was $50). These deals are available at multiple retailers ...,gamespot.com,1w,2024-11-24 17:41:16
Armored Core 6 And The Official Hardcover Guidebook Are ...,https://gamefaqs.gamespot.com/news?id=162622,2 days ago — From Software fans can get Armored Core 6: Fires of Rubicon and the official hardcover guidebook for cheap as part of Amazon's Black Friday 2024 sale.,gamespot.com,1w,2024-11-24 17:41:16
Arcane,https://br.ign.com/arcane,"13 hours ago — Arcane alcança a linha de chegada com final agridoce que comprova evolução artística após momentos grandiosos e brilhantes sequências entre realidades, ...",ign.com,24h,2024-11-24 17:43:32
IGN Hungary,http://hu.ign.com/,"14 minutes ago — Gaming · Tesztek/Kritikák · Kalendáriumok · Közösségek · Tovább · Van egy sci-fi klasszikus, amit bevallottan még Christopher Nolan sem ért teljesen, csak ""érzi"" · [ ...",ign.com,24h,2024-11-24 17:43:32
"IGN: Video Game News, Reviews, and Walkthroughs",https://www.ign.com/,"19 minutes ago — IGN is your #1 destination for all video game news, expert reviews, and walkthroughs.",ign.com,24h,2024-11-24 17:43:32
serseri02's Profile,https://www.ign.com/playlist/serseri02,10 hours ago — You can ask up to 20 questions before the game is over. Quick tips to help you guess the answer faster. Stick to questions that will be answered with “yes” or ...,ign.com,24h,2024-11-24 17:43:32
marwanalkatbi9's Profile,https://www.ign.com/playlist/marwanalkatbi9,11 hours ago — Here's what marwanalkatbi9 is playing. See all. No Results. 1 Games in Library.,ign.com,24h,2024-11-24 17:43:32
djduke724's Profile,https://www.ign.com/playlist/djduke724,13 hours ago — Search · Reviews · News · Discover · Videos · More.,ign.com,24h,2024-11-24 17:43:32
tburke206's Profile,https://www.ign.com/playlist/tburke206,3 hours ago — You can ask up to 20 questions before the game is over. Quick tips to help you guess the answer faster. Stick to questions that will be answered with “yes” or ...,ign.com,24h,2024-11-24 17:43:32
Marlon Baker's Profile,https://www.ign.com/playlist/BigBake24,9 hours ago — You can ask up to 20 questions before the game is over. Quick tips to help you guess the answer faster. Stick to questions that will be answered with “yes” or ...,ign.com,24h,2024-11-24 17:43:32
Serana's Profile,https://www.ign.com/playlist/Serana,9 hours ago — Here's what Serana is playing. See all. No Results. 2 Games in Library.,ign.com,24h,2024-11-24 17:43:32
mohammedmjinina2's Profile,https://www.ign.com/playlist/mohammedmjinina2,13 hours ago — Here's what mohammedmjinina2 is playing. See all.,ign.com,24h,2024-11-24 17:43:32
godsoloved8's Profile,https://www.ign.com/playlist/godsoloved8,13 hours ago — 1 Games in Library · wishlist · backlog · playing · paused · beat · quit ...,ign.com,24h,2024-11-24 17:43:32
Lima787's Profile,https://www.ign.com/playlist/Lima787,10 hours ago — Here's what Lima787 is playing. See all · Phoenix Wright: Ace Attorney Trilogy. Capcom. Slay the Spire. Megacrit. Spyro Reignited Trilogy. Toys for Bob.,ign.com,24h,2024-11-24 17:43:32
dschmick's Profile,https://www.ign.com/playlist/dschmick,21 hours ago — Here's what dschmick is playing. See all · Red Dead Redemption 2. Rockstar Studios. 17 Games in Library. 52. wishlist. 3. backlog. 1. playing. 5. paused.,ign.com,24h,2024-11-24 17:43:32
Amerikai gengszter,https://hu.ign.com/amerikai-gengszter,"15 hours ago — Josh Brolin és Denzel Washington ma már jóbarátok, de eléggé felizzott köztük a feszültség az Amerikai gengszter forgatásán, idézte fel az előbbi.",ign.com,24h,2024-11-24 17:43:32
Dante's Ring,https://pl.ign.com/dantes-ring,19 hours ago — Twórcy gry The Invincible przedstawili swoją nową przyszłoroczną produkcję. ... IGN Polska jest obsługiwany na licencji przez Grupa Nowe Media sp. z o.o..,ign.com,24h,2024-11-24 17:43:32
"Xbox Games, Wikis, Cheats, News, Reviews & Videos",https://www.ign.com/xbox,"4 hours ago — IGN is the leading site for Xbox games with expert reviews, news, previews, game trailers, cheat codes, wiki guides & walkthroughs.",ign.com,24h,2024-11-24 17:43:32
PC,https://br.ign.com/pc,"13 hours ago — Path of Exile 2: Confira os novos detalhes do acesso antecipado, pacotes de apoiador e classes de personagens. Após ter sido adiado no final de outubro, o ...",ign.com,24h,2024-11-24 17:43:32
"Mobile Games, Wikis, Cheats, Walkthroughs, News ...",https://www.ign.com/mobile,"5 hours ago — IGN is the ultimate resource for reviews, news and how-tos, focusing on the latest in mobile hardware and software.",ign.com,24h,2024-11-24 17:43:32
"PlayStation Games, Wikis, Cheats, News, Reviews & Videos",https://www.ign.com/playstation,"42 minutes ago — IGN is the leading site for Sony PlayStation games with expert reviews, news, previews, game trailers, cheat codes, wiki guides & walkthroughs.",ign.com,24h,2024-11-24 17:43:32
"Video Game News, Reviews, and Walkthroughs",https://www.ign.com/au,"3 hours ago — 20Q #XX: undefined ... Create a free account or. Log in. Try to guess the video game: In the input field, type a question that could be answered ""yes"" or ""no"".",ign.com,24h,2024-11-24 17:43:32
Taverna,https://in.ign.com/taverna,"4 days ago — Taverna combines elements of RPGs and social simulation, allowing up to 16 players to interact with voice chat and build their reputation in the tavern.",ign.com,1w,2024-11-24 17:43:40
Astrometica,https://in.ign.com/astrometica,"4 days ago — Astrometica is a fun game about surviving in space. You need to use your skills and tools to stay alive. There are many challenges to face, and you need to ...",ign.com,1w,2024-11-24 17:43:40
Empyreal,https://in.ign.com/empyreal,"3 days ago — Empyreal is a complex, challenging, feature-rich action RPG. In a far-flung corner of the galaxy an Expedition arrives on a hitherto unexplored planet to find a ...",ign.com,1w,2024-11-24 17:43:40
65,https://es.ign.com/65,7 days ago — 65 is a decent film about fatherhood and dinosaurs that leans on prehistoric survival thrills in a sometimes too-simple story that begs for a bit more meat ...,ign.com,1w,2024-11-24 17:43:40
Empyreal,https://nordic.ign.com/empyreal,"3 days ago — Empyreal is a complex, challenging, feature-rich action RPG. In a far-flung corner of the galaxy an Expedition arrives on a hitherto unexplored planet to find a ...",ign.com,1w,2024-11-24 17:43:40
GUNTOUCHABLES,https://in.ign.com/guntouchables,3 days ago — GUNTOUCHABLES is a hardcore co-op action roguelite for 1-4 players. You play as a gun-toting group of 'preppers' trying to reclaim the world from an ...,ign.com,1w,2024-11-24 17:43:40
Dreamcore,https://in.ign.com/dreamcore,"3 days ago — Dreamcore is a body-cam styled psychological horror game based on the ""liminal spaces"" aesthetic. Immerse yourself in Dreamcore's mysterious universe by ...",ign.com,1w,2024-11-24 17:43:40
From - Último contenido USA,https://es.ign.com/from,"2 days ago — From renueva por una cuarta temporada en Max. MGM+ ha dado la gran noticia, adelantando lo que los fans pueden esperar de los próximos episodios de From.",ign.com,1w,2024-11-24 17:43:40
IGN Japan,http://jp.ign.com/,2 days ago — MENU · 『紅の砂漠』プレビュー · 『真・三國無双 ORIGINS』プレビュー · 「エイリアン」新作ドラマは、第1作の2年前が舞台 · 「イコライザー」第4作＆第5作が制作中 ...,ign.com,1w,2024-11-24 17:43:40
IGN Hungary,http://hu.ign.com/,"14 minutes ago — Gaming · Tesztek/Kritikák · Kalendáriumok · Közösségek · Tovább · Van egy sci-fi klasszikus, amit bevallottan még Christopher Nolan sem ért teljesen, csak ""érzi"" · [ ...",ign.com,1w,2024-11-24 17:43:40
"IGN Latinoamérica | Noticias de videojuegos, reseñas ...",http://latam.ign.com/,"3 days ago — IGN Latinoamérica es el lugar para noticias de videojuegos, reviews, previews, videos, noticias y trailers de cine, televisión, comics y todo lo que amas.",ign.com,1w,2024-11-24 17:43:40
IGN España,https://es.ign.com/,"2 days ago — Todo sobre videojuegos y videoconsolas: PC, PS5, Nintendo Switch, Xbox, VR, Cloud Gaming, Servicios de Suscripción, Móviles y el mejor cine, tecnología, ...",ign.com,1w,2024-11-24 17:43:40
IGN Greece,http://gr.ign.com/,"3 days ago — IGN Greece: Τα τελευταία νέα, κριτικές, trailers στον χώρο του gaming και της διασκέδασης, στο μεγαλύτερο gaming site του κόσμου.",ign.com,1w,2024-11-24 17:43:40
IGN Adria,http://adria.ign.com/,5 days ago — IGN Adria je pravo mesto za ljubitelje video igara i pop kulture! Originalne recenzije od autora iz našeg regiona kao i svakodnevne vesti.,ign.com,1w,2024-11-24 17:43:40
"IGN: Video Game News, Reviews, and Walkthroughs",https://www.ign.com/,"19 minutes ago — IGN is your #1 destination for all video game news, expert reviews, and walkthroughs.",ign.com,1w,2024-11-24 17:43:40
IGN France,http://fr.ign.com/,"3 days ago — C'est noté · Test Romance of the Three Kingdoms VIII Remake : un classique remit au gout du jour · Test Life is Strange: Double Exposure, l'aventure de la ...",ign.com,1w,2024-11-24 17:43:40
Papertime's Profile,https://www.ign.com/playlist/Papertime,5 days ago — 6 Games in Library ; 12. wishlist ; 0. backlog ; 1. playing ; 4. paused ; 1. beat.,ign.com,1w,2024-11-24 17:43:40
Zeverland,https://www.ign.com/games/zeverland,"2 days ago — Release Date, Trailers, News, Reviews, Guides, Gameplay and more for Zeverland.",ign.com,1w,2024-11-24 17:43:40
TyeRamsey's Profile,https://www.ign.com/playlist/TyeRamsey,4 days ago — 1 Games in Library · wishlist · backlog · playing · paused · beat · quit ...,ign.com,1w,2024-11-24 17:43:40
Valiant One,https://in.ign.com/valiant-one,"2 days ago — With tensions between North and South Korea, a US helicopter crashes on the North Korean side. Now the survivors must work together to protect a civilian ...",ign.com,1w,2024-11-24 17:43:40
Arcade Games - 1001Games.com,https://www.1001games.com/arcade,3 days ago — Play the best Arcade Games online on 1001Games. You will find the largest collection of free Arcade games on this website for the entire family.,1001games.com,1w,2024-11-24 17:44:41
"Minecraft Games, play them online for free on 1001Games.",https://www.1001games.com/minecraft,"3 days ago — Minecraft is a classic sandbox game that has been around for ages. With these games on our site, you can get a taste for one of the most popular games around!",1001games.com,1w,2024-11-24 17:44:41
Car Games - 1001Games.com,https://www.1001games.com/car,3 days ago — Play the best Car Games online on 1001Games. You will find the largest collection of free Car games on this website for the entire family.,1001games.com,1w,2024-11-24 17:44:41
Match 3 Games - 1001Games.com,https://www.1001games.com/match-3,3 days ago — Play the best Match 3 Games online on 1001Games. You will find the largest collection of free Match 3 games on this website for the entire family.,1001games.com,1w,2024-11-24 17:44:41
Magic Tri Peaks Solitaire,https://www.1001games.com/cards/magic-tri-peaks-solitaire,"2 days ago — This game will give you the magic experience like no other game can! In this game, you play a round of TriPeaks Solitaire. Match all the cards on the screen ...",1001games.com,1w,2024-11-24 17:44:41
Stick War: Infinity Duel - Stickman Games - 1001Games.com,https://www.1001games.com/action/stick-war-infinity-duel,"6 days ago — In this Infinity Duel, you fight it out against another Stickman to decide who is the best fighter. Play against the computer, and beat them. Or try out the two ...",1001games.com,1w,2024-11-24 17:44:41
